Wcoh,A
5.0,0.004602736372834863
10.0,0.008654970837047152
20.0,0.017205540892438358
40.0,0.02686117869429148
80.0,0.03592030484082999
160.0,0.0309003350190401
