Wcoh,A
50.0,0.11377175776408609
100.0,0.13084913515579918
200.0,0.1309121600369432
400.0,0.11850653865751724
